question,ground_truth,contexts,evolution_type,answer,faithfulness,answer_relevancy,context_precision,context_recall
What is the basic concept 0 of algorithmic trading?,Algorithmic trading uses AI to make decisions in milliseconds.,"['AI algorithms are increasingly used in algorithmic trading, where decisions are made in milliseconds.']",simple,Algorithmic trading uses AI to make decisions in milliseconds. (Generated),0.9815238914224855,0.8046650984540733,0.659690228705689,0.905800635429587
What is the basic concept 1 of algorithmic trading?,Algorithmic trading uses AI to make decisions in milliseconds.,"['AI algorithms are increasingly used in algorithmic trading, where decisions are made in milliseconds.']",simple,Algorithmic trading uses AI to make decisions in milliseconds. (Generated),0.9165127728324298,0.9847157623405178,0.6014105610761935,0.9862384295796378
What is the basic concept 2 of algorithmic trading?,Algorithmic trading uses AI to make decisions in milliseconds.,"['AI algorithms are increasingly used in algorithmic trading, where decisions are made in milliseconds.']",simple,Algorithmic trading uses AI to make decisions in milliseconds. (Generated),0.7016817510697765,0.9576533960969442,0.8735062918193247,0.9324347502981382
What is the basic concept 3 of algorithmic trading?,Algorithmic trading uses AI to make decisions in milliseconds.,"['AI algorithms are increasingly used in algorithmic trading, where decisions are made in milliseconds.']",simple,Algorithmic trading uses AI to make decisions in milliseconds. (Generated),0.7439841638274399,0.6030171129710907,0.6307454293100476,0.8307868161671602
What is the basic concept 4 of algorithmic trading?,Algorithmic trading uses AI to make decisions in milliseconds.,"['AI algorithms are increasingly used in algorithmic trading, where decisions are made in milliseconds.']",simple,Algorithmic trading uses AI to make decisions in milliseconds. (Generated),0.7117648666959062,0.8357183786420759,0.9527777453965667,0.8077239799657425
What is the basic concept 5 of algorithmic trading?,Algorithmic trading uses AI to make decisions in milliseconds.,"['AI algorithms are increasingly used in algorithmic trading, where decisions are made in milliseconds.']",simple,Algorithmic trading uses AI to make decisions in milliseconds. (Generated),0.7216952978398865,0.6083440035742773,0.568326799257646,0.918623094832468
What is the basic concept 6 of algorithmic trading?,Algorithmic trading uses AI to make decisions in milliseconds.,"['AI algorithms are increasingly used in algorithmic trading, where decisions are made in milliseconds.']",simple,Algorithmic trading uses AI to make decisions in milliseconds. (Generated),0.8535434119955201,0.8215953258169262,0.9414684412515193,0.9086751648553504
What is the basic concept 7 of algorithmic trading?,Algorithmic trading uses AI to make decisions in milliseconds.,"['AI algorithms are increasingly used in algorithmic trading, where decisions are made in milliseconds.']",simple,Algorithmic trading uses AI to make decisions in milliseconds. (Generated),0.8238343109191988,0.9993423959784331,0.6421044912398108,0.9004467445028006
What is the basic concept 8 of algorithmic trading?,Algorithmic trading uses AI to make decisions in milliseconds.,"['AI algorithms are increasingly used in algorithmic trading, where decisions are made in milliseconds.']",simple,Algorithmic trading uses AI to make decisions in milliseconds. (Generated),0.8039916018964811,0.6401817153223593,0.6659653719113128,0.9155641613692871
What is the basic concept 9 of algorithmic trading?,Algorithmic trading uses AI to make decisions in milliseconds.,"['AI algorithms are increasingly used in algorithmic trading, where decisions are made in milliseconds.']",simple,Algorithmic trading uses AI to make decisions in milliseconds. (Generated),0.7977887389014765,0.7942317381310278,0.684295183252218,0.9570055608838214
What is the basic concept 10 of algorithmic trading?,Algorithmic trading uses AI to make decisions in milliseconds.,"['AI algorithms are increasingly used in algorithmic trading, where decisions are made in milliseconds.']",simple,Algorithmic trading uses AI to make decisions in milliseconds. (Generated),0.9118611121582436,0.7125921688848698,0.9800800499220019,0.9400383279267828
What is the basic concept 11 of algorithmic trading?,Algorithmic trading uses AI to make decisions in milliseconds.,"['AI algorithms are increasingly used in algorithmic trading, where decisions are made in milliseconds.']",simple,Algorithmic trading uses AI to make decisions in milliseconds. (Generated),0.8685098344015545,0.7132682844524478,0.7404861068390233,0.9515661967562065
What is the basic concept 12 of algorithmic trading?,Algorithmic trading uses AI to make decisions in milliseconds.,"['AI algorithms are increasingly used in algorithmic trading, where decisions are made in milliseconds.']",simple,Algorithmic trading uses AI to make decisions in milliseconds. (Generated),0.8563710003334906,0.8936120215868517,0.542582079845384,0.9574541350230815
What is the basic concept 13 of algorithmic trading?,Algorithmic trading uses AI to make decisions in milliseconds.,"['AI algorithms are increasingly used in algorithmic trading, where decisions are made in milliseconds.']",simple,Algorithmic trading uses AI to make decisions in milliseconds. (Generated),0.7610619731209817,0.9322535161296057,0.8827056706286902,0.8998501228187871
What is the basic concept 14 of algorithmic trading?,Algorithmic trading uses AI to make decisions in milliseconds.,"['AI algorithms are increasingly used in algorithmic trading, where decisions are made in milliseconds.']",simple,Algorithmic trading uses AI to make decisions in milliseconds. (Generated),0.8819059715072608,0.940161186585117,0.9334868929745976,0.9879323979377168
What is the basic concept 15 of algorithmic trading?,Algorithmic trading uses AI to make decisions in milliseconds.,"['AI algorithms are increasingly used in algorithmic trading, where decisions are made in milliseconds.']",simple,Algorithmic trading uses AI to make decisions in milliseconds. (Generated),0.7309083424090197,0.9308967241094239,0.8957320848451872,0.8200017881433971
What is the basic concept 16 of algorithmic trading?,Algorithmic trading uses AI to make decisions in milliseconds.,"['AI algorithms are increasingly used in algorithmic trading, where decisions are made in milliseconds.']",simple,Algorithmic trading uses AI to make decisions in milliseconds. (Generated),0.9782920537562437,0.653375679936338,0.5023833905112156,0.9199828042899749
What is the basic concept 17 of algorithmic trading?,Algorithmic trading uses AI to make decisions in milliseconds.,"['AI algorithms are increasingly used in algorithmic trading, where decisions are made in milliseconds.']",simple,Algorithmic trading uses AI to make decisions in milliseconds. (Generated),0.881292442486028,0.6229469422865329,0.5649377625123051,0.8238880917838397
What is the basic concept 18 of algorithmic trading?,Algorithmic trading uses AI to make decisions in milliseconds.,"['AI algorithms are increasingly used in algorithmic trading, where decisions are made in milliseconds.']",simple,Algorithmic trading uses AI to make decisions in milliseconds. (Generated),0.9044334808281735,0.8157896416005346,0.8183588489451292,0.9402440799152735
What is the basic concept 19 of algorithmic trading?,Algorithmic trading uses AI to make decisions in milliseconds.,"['AI algorithms are increasingly used in algorithmic trading, where decisions are made in milliseconds.']",simple,Algorithmic trading uses AI to make decisions in milliseconds. (Generated),0.8637309776164193,0.7066387534509797,0.6199911423201571,0.864204239934349
What is the basic concept 20 of algorithmic trading?,Algorithmic trading uses AI to make decisions in milliseconds.,"['AI algorithms are increasingly used in algorithmic trading, where decisions are made in milliseconds.']",simple,Algorithmic trading uses AI to make decisions in milliseconds. (Generated),0.7529777978467243,0.7550809922960364,0.5518925088068665,0.8537739823642169
What is the basic concept 21 of algorithmic trading?,Algorithmic trading uses AI to make decisions in milliseconds.,"['AI algorithms are increasingly used in algorithmic trading, where decisions are made in milliseconds.']",simple,Algorithmic trading uses AI to make decisions in milliseconds. (Generated),0.7015143684632063,0.6036860788354784,0.7895818645267312,0.8468792465252222
What is the basic concept 22 of algorithmic trading?,Algorithmic trading uses AI to make decisions in milliseconds.,"['AI algorithms are increasingly used in algorithmic trading, where decisions are made in milliseconds.']",simple,Algorithmic trading uses AI to make decisions in milliseconds. (Generated),0.8630775786879732,0.831318700611972,0.8904924776330478,0.8648629185628858
What is the basic concept 23 of algorithmic trading?,Algorithmic trading uses AI to make decisions in milliseconds.,"['AI algorithms are increasingly used in algorithmic trading, where decisions are made in milliseconds.']",simple,Algorithmic trading uses AI to make decisions in milliseconds. (Generated),0.7453995052432856,0.7141402857482909,0.7108617491661677,0.9297196708725357
What is the basic concept 24 of algorithmic trading?,Algorithmic trading uses AI to make decisions in milliseconds.,"['AI algorithms are increasingly used in algorithmic trading, where decisions are made in milliseconds.']",simple,Algorithmic trading uses AI to make decisions in milliseconds. (Generated),0.9228107892971127,0.7022996592341624,0.6455474944883726,0.806555639832341
Why is machine learning effective in risk assessment scenario 0?,It analyzes historical data to predict future risks.,"['Risk management is another area transformed by AI, identifying potential loan defaults with high accuracy.']",reasoning,It analyzes historical data to predict future risks. (Generated),0.8786789820360564,0.670635217940282,0.6946116252814214,0.913233836162363
Why is machine learning effective in risk assessment scenario 1?,It analyzes historical data to predict future risks.,"['Risk management is another area transformed by AI, identifying potential loan defaults with high accuracy.']",reasoning,It analyzes historical data to predict future risks. (Generated),0.7140294788495751,0.8926859308991826,0.9578158234700811,0.8234119206034679
Why is machine learning effective in risk assessment scenario 2?,It analyzes historical data to predict future risks.,"['Risk management is another area transformed by AI, identifying potential loan defaults with high accuracy.']",reasoning,It analyzes historical data to predict future risks. (Generated),0.9775533916239313,0.9355057440622454,0.858321976031146,0.910824631190946
Why is machine learning effective in risk assessment scenario 3?,It analyzes historical data to predict future risks.,"['Risk management is another area transformed by AI, identifying potential loan defaults with high accuracy.']",reasoning,It analyzes historical data to predict future risks. (Generated),0.9919290650603021,0.6365281727670842,0.717150991114017,0.9993485955591392
Why is machine learning effective in risk assessment scenario 4?,It analyzes historical data to predict future risks.,"['Risk management is another area transformed by AI, identifying potential loan defaults with high accuracy.']",reasoning,It analyzes historical data to predict future risks. (Generated),0.7214685284112738,0.7002803732099065,0.629403148496839,0.917373203441103
Why is machine learning effective in risk assessment scenario 5?,It analyzes historical data to predict future risks.,"['Risk management is another area transformed by AI, identifying potential loan defaults with high accuracy.']",reasoning,It analyzes historical data to predict future risks. (Generated),0.8234931274408334,0.9326110333820407,0.6964879109483026,0.9696777059405927
Why is machine learning effective in risk assessment scenario 6?,It analyzes historical data to predict future risks.,"['Risk management is another area transformed by AI, identifying potential loan defaults with high accuracy.']",reasoning,It analyzes historical data to predict future risks. (Generated),0.8351370830990863,0.617273145076532,0.5718620743264262,0.9396915256007778
Why is machine learning effective in risk assessment scenario 7?,It analyzes historical data to predict future risks.,"['Risk management is another area transformed by AI, identifying potential loan defaults with high accuracy.']",reasoning,It analyzes historical data to predict future risks. (Generated),0.9662417632390681,0.877688541183643,0.5226533760456464,0.9146860219930328
Why is machine learning effective in risk assessment scenario 8?,It analyzes historical data to predict future risks.,"['Risk management is another area transformed by AI, identifying potential loan defaults with high accuracy.']",reasoning,It analyzes historical data to predict future risks. (Generated),0.8664580780710732,0.9571395237380526,0.544322660136553,0.9370229208854541
Why is machine learning effective in risk assessment scenario 9?,It analyzes historical data to predict future risks.,"['Risk management is another area transformed by AI, identifying potential loan defaults with high accuracy.']",reasoning,It analyzes historical data to predict future risks. (Generated),0.977214251711108,0.8129051965716307,0.9760917203811843,0.8634820968312873
Why is machine learning effective in risk assessment scenario 10?,It analyzes historical data to predict future risks.,"['Risk management is another area transformed by AI, identifying potential loan defaults with high accuracy.']",reasoning,It analyzes historical data to predict future risks. (Generated),0.9418088903904314,0.7899550265705029,0.9400915734406599,0.8694040204579261
Why is machine learning effective in risk assessment scenario 11?,It analyzes historical data to predict future risks.,"['Risk management is another area transformed by AI, identifying potential loan defaults with high accuracy.']",reasoning,It analyzes historical data to predict future risks. (Generated),0.9624344053299506,0.7268724915950883,0.883634582844937,0.9483454942032761
Why is machine learning effective in risk assessment scenario 12?,It analyzes historical data to predict future risks.,"['Risk management is another area transformed by AI, identifying potential loan defaults with high accuracy.']",reasoning,It analyzes historical data to predict future risks. (Generated),0.7394235035469201,0.9283301166094979,0.7848173625502413,0.9520626629221889
How do trading and fraud detection relate in AI context 0?,"Both use machine learning, one for fast decisions and the other for detecting anomalies.","['AI algorithms are increasingly used in algorithmic trading...', 'Data science teams use deep learning to detect fraudulent transactions globally.']",multi_context,"Both use machine learning, one for fast decisions and the other for detecting anomalies. (Generated)",0.8346519542098916,0.8876958113532563,0.8971365846145983,0.9710702029319151
How do trading and fraud detection relate in AI context 1?,"Both use machine learning, one for fast decisions and the other for detecting anomalies.","['AI algorithms are increasingly used in algorithmic trading...', 'Data science teams use deep learning to detect fraudulent transactions globally.']",multi_context,"Both use machine learning, one for fast decisions and the other for detecting anomalies. (Generated)",0.7080424489858516,0.8802906305714504,0.9148809391896939,0.968560703089059
How do trading and fraud detection relate in AI context 2?,"Both use machine learning, one for fast decisions and the other for detecting anomalies.","['AI algorithms are increasingly used in algorithmic trading...', 'Data science teams use deep learning to detect fraudulent transactions globally.']",multi_context,"Both use machine learning, one for fast decisions and the other for detecting anomalies. (Generated)",0.8986307193396426,0.9373146644000241,0.5720392032253456,0.974644199111001
How do trading and fraud detection relate in AI context 3?,"Both use machine learning, one for fast decisions and the other for detecting anomalies.","['AI algorithms are increasingly used in algorithmic trading...', 'Data science teams use deep learning to detect fraudulent transactions globally.']",multi_context,"Both use machine learning, one for fast decisions and the other for detecting anomalies. (Generated)",0.8742196774398376,0.9208863803399856,0.8321143481458035,0.8340191078882935
How do trading and fraud detection relate in AI context 4?,"Both use machine learning, one for fast decisions and the other for detecting anomalies.","['AI algorithms are increasingly used in algorithmic trading...', 'Data science teams use deep learning to detect fraudulent transactions globally.']",multi_context,"Both use machine learning, one for fast decisions and the other for detecting anomalies. (Generated)",0.7240153262773626,0.6754517785376861,0.76628973419749,0.9867656529417839
How do trading and fraud detection relate in AI context 5?,"Both use machine learning, one for fast decisions and the other for detecting anomalies.","['AI algorithms are increasingly used in algorithmic trading...', 'Data science teams use deep learning to detect fraudulent transactions globally.']",multi_context,"Both use machine learning, one for fast decisions and the other for detecting anomalies. (Generated)",0.87680886335926,0.6835480266639022,0.8472652208339576,0.8042651426676849
How do trading and fraud detection relate in AI context 6?,"Both use machine learning, one for fast decisions and the other for detecting anomalies.","['AI algorithms are increasingly used in algorithmic trading...', 'Data science teams use deep learning to detect fraudulent transactions globally.']",multi_context,"Both use machine learning, one for fast decisions and the other for detecting anomalies. (Generated)",0.9936144184940072,0.7804630375726921,0.6430746388995754,0.8959529387189176
How do trading and fraud detection relate in AI context 7?,"Both use machine learning, one for fast decisions and the other for detecting anomalies.","['AI algorithms are increasingly used in algorithmic trading...', 'Data science teams use deep learning to detect fraudulent transactions globally.']",multi_context,"Both use machine learning, one for fast decisions and the other for detecting anomalies. (Generated)",0.7460120519101984,0.8771251016258551,0.9689457239203256,0.8248289494914686
How do trading and fraud detection relate in AI context 8?,"Both use machine learning, one for fast decisions and the other for detecting anomalies.","['AI algorithms are increasingly used in algorithmic trading...', 'Data science teams use deep learning to detect fraudulent transactions globally.']",multi_context,"Both use machine learning, one for fast decisions and the other for detecting anomalies. (Generated)",0.925011663982266,0.6211910475142343,0.9181631740501419,0.8205490058785531
How do trading and fraud detection relate in AI context 9?,"Both use machine learning, one for fast decisions and the other for detecting anomalies.","['AI algorithms are increasingly used in algorithmic trading...', 'Data science teams use deep learning to detect fraudulent transactions globally.']",multi_context,"Both use machine learning, one for fast decisions and the other for detecting anomalies. (Generated)",0.873949807082609,0.904506237491253,0.5813212229732709,0.909693145989868
How do trading and fraud detection relate in AI context 10?,"Both use machine learning, one for fast decisions and the other for detecting anomalies.","['AI algorithms are increasingly used in algorithmic trading...', 'Data science teams use deep learning to detect fraudulent transactions globally.']",multi_context,"Both use machine learning, one for fast decisions and the other for detecting anomalies. (Generated)",0.8996760078009017,0.6245535680913185,0.8882194914154589,0.9479514345279935
How do trading and fraud detection relate in AI context 11?,"Both use machine learning, one for fast decisions and the other for detecting anomalies.","['AI algorithms are increasingly used in algorithmic trading...', 'Data science teams use deep learning to detect fraudulent transactions globally.']",multi_context,"Both use machine learning, one for fast decisions and the other for detecting anomalies. (Generated)",0.9459207353048629,0.6220290675461563,0.9025021364151111,0.9830768736998129
